Tender. No,Description,Procuring_Entity,Proc. Method,Proc. Category,Close Date,Time to Close,Publish Date,Addendum,Actions
TNT/ONT/065/2024 - 2025,"PROCUREMENT OF COMPUTING EQUIPMENT (SERVERS)  TO SUPPORT IFMIS RE-ENGINEERING FOR MIGRATION TO  ACCRUAL BASIS ACCOUNTING, TREASURY SINGLE  ACCOUNT AND CONFIGURATION OF NEW STANDARD  CHART ACCOUNT",The National Treasury,Open Tender,Goods,"July 15th, 2025",Closes in 2 hours,"June 16th, 2025",Addendum added,Actions,
NAKS/T/01/2025-2026,"PREQUALIFICATION/REGISTRATION OF SUPLLIERS/CONTRACTORS FOR SUPPLY/ PROVISION  OF GOODS,WORKS &SERVICES FOR FINANCIAL YEAR 2025/2026 AND 2026-2027",New Partnership for Africa's Development,Open Tender,Non Consultancy Services,"July 15th, 2025",Closes in 12 hours,"July 1st, 2025",Addendum added,Actions,
MKRH/T/03/2025-2026,SUPPLY AND DELIVERY OF LABORATORY REAGENTS,MWAI KIBAKI REFERRAL HOSPITAL,Open Tender,Goods,"July 15th, 2025",Closes in 12 hours,"June 30th, 2025",Addendum added,Actions,
MKRH/T/24/2025-2026,OUTSOURCED SECURITY GUARDING SERVICES,MWAI KIBAKI REFERRAL HOSPITAL,Open Tender,Non Consultancy Services,"July 15th, 2025",Closes in 12 hours,"June 30th, 2025",Addendum added,Actions,
"REGISTRATION OF SUPPLIERS FOR GOODS, SERVICES AND WORKS FOR THE FINANCIAL YEARS 2025-2027","REGISTRATION OF SUPPLIERS FOR GOODS, SERVICES AND WORKS FOR THE FINANCIAL YEARS 2022-2024",SANG'ALO INSTITUTE OF SCIENCE AND TECHNOLOGY,Prequalification,Non Consultancy Services,"July 15th, 2025",Closes in 12 hours,"June 30th, 2025",None,Actions,
TBNP/BOG-06/2025-2027,PROVISION OF CATERING SERVICES,SANG'ALO INSTITUTE OF SCIENCE AND TECHNOLOGY,Open Tender,Non Consultancy Services,"July 15th, 2025",Closes in 12 hours,"June 30th, 2025",Addendum added,Actions,
TBNP/BOG-04/2025-2027,"SUPPLY AND DELIVERY OF MICROBUS, DIESEL 14-SEATER",SANG'ALO INSTITUTE OF SCIENCE AND TECHNOLOGY,Open Tender,Goods,"July 15th, 2025",Closes in 12 hours,"June 30th, 2025",Addendum added,Actions,
TBNP/BOG-03/2025-2027,PROVISION OF SECURITY SERVICES,SANG'ALO INSTITUTE OF SCIENCE AND TECHNOLOGY,Open Tender,Non Consultancy Services,"July 15th, 2025",Closes in 12 hours,"June 30th, 2025",Addendum added,Actions,
TBNP/BOG-01/2025-2027,"SUPPLY OF FUELS ,OILS LUBRICANT & LPG GAS",SANG'ALO INSTITUTE OF SCIENCE AND TECHNOLOGY,Open Tender,Goods,"July 15th, 2025",Closes in 12 hours,"June 30th, 2025",Addendum added,Actions,
TBNP/BOG-2025-2027,PROVISION OF INSURANCE SERVICES,SANG'ALO INSTITUTE OF SCIENCE AND TECHNOLOGY,Open Tender,Non Consultancy Services,"July 15th, 2025",Closes in 12 hours,"June 30th, 2025",Addendum added,Actions,
KPA/229/2024-25/ME,SUPPLY OF INTERNATIONAL MARINE PAINTS,Kenya Ports Authority,Open Tender,Goods,"July 15th, 2025",Closes in 12 hours,"June 27th, 2025",None,Actions,
KPA/214/2024-25/SCM,SUPPLY OF SPORTSWEAR,Kenya Ports Authority,Open Tender,Goods,"July 15th, 2025",Closes in 12 hours,"June 26th, 2025",None,Actions,
KRC/2025/2547/178,REQUEST FOR PROPOSAL FOR CATASTROPHE MODELLING SERVICES FOR GENERAL REINSURANCE BUSINESS,Kenya Reinsurance Corporation Ltd,Request for Proposals,Consultancy Services,"July 15th, 2025",Closes in 12 hours,"June 24th, 2025",Addendum added,Actions,
RIAT/OT/01/2025-2027,PROVISION OF SECURITY SERVICES,Ramogi Institute of Advanced Technology(RIAT),Open Tender,Non Consultancy Services,"July 15th, 2025",Closes in 13 hours,"July 2nd, 2025",None,Actions,
KeRRA/08/NRK/039/105/24|25,G71535: ENOOMOTONYI - MOYONGO,Kenya Rural Roads Authority,Restricted Tendering,Works,"July 15th, 2025",Closes in 13 hours,"June 27th, 2025",None,Actions,
KeRRA/08/NRK/039/104/24|25,G71751: OLEPOLOS – OLESHAPANI (PHASE II),Kenya Rural Roads Authority,Restricted Tendering,Works,"July 15th, 2025",Closes in 13 hours,"June 27th, 2025",None,Actions,
KeRRA/08/NRK/039/103/24|25,G71535: KANUNGA-OSUPUKO,Kenya Rural Roads Authority,Restricted Tendering,Works,"July 15th, 2025",Closes in 13 hours,"June 27th, 2025",None,Actions,
KeRRA/08/NRK/039/102/24|25,C732: KIMOGORO - MELELO,Kenya Rural Roads Authority,Restricted Tendering,Works,"July 15th, 2025",Closes in 13 hours,"June 27th, 2025",None,Actions,
KeRRA/08/NRK/039/101/24|25,D1681: JNCT. C728 - MAJIMOTO - JNCT. B19,Kenya Rural Roads Authority,Open Tender,Works,"July 15th, 2025",Closes in 13 hours,"June 27th, 2025",None,Actions,
KeRRA/08/NRK/039/100/24|25,D1686: OLEMUSAKWA - CHEPALUNGU,Kenya Rural Roads Authority,Open Tender,Works,"July 15th, 2025",Closes in 13 hours,"June 27th, 2025",None,Actions,
LVNWWDA/GK/BGM/LUUYA--BWAKE/2024-2025/22,LUUYA - BWAKE COMMUNITY WATER PROJECT,Lake Victoria North Water services Board,Open Tender,Works,"July 15th, 2025",Closes in 14 hours,"June 17th, 2025",None,Actions,
LVNWWDA/GK/BGM/SIDOKHO DAM/2024-2025/29,SIDOKHO DAM WATER SUPPLY PROJECT,Lake Victoria North Water services Board,Open Tender,Works,"July 15th, 2025",Closes in 14 hours,"June 17th, 2025",None,Actions,
LVNWWDA/GK/BGM/NAMUNINGE DAM/2024 - 2025/21,NAMUNINGE DAM WATER SUPPLY PROJECT,Lake Victoria North Water services Board,Open Tender,Works,"July 15th, 2025",Closes in 14 hours,"June 17th, 2025",None,Actions,
LVNWWDA/GK/NANDI/KIMATKEI KIPKOIL /2024-2025/25,KIMATKEI - KIPKOIL COMMUNITY WATER PROJECT LMC,Lake Victoria North Water services Board,Open Tender,Works,"July 15th, 2025",Closes in 14 hours,"June 17th, 2025",None,Actions,
LVNWWDA/GK/BGM/ NAMANJE/2024-2025/34,EQUIPPING OF NAMANJE PRIMARY BOREHOLE WATER PROJECT,Lake Victoria North Water services Board,Open Tender,Works,"July 15th, 2025",Closes in 14 hours,"June 17th, 2025",None,Actions,
LVNWWDA/GK/NANDI/ CHEPYEWET /2024-2025/33,EQUIPPING OF CHEPYEWET PRIMARY SCHOOL BOREHOLE WATER PROJECT,Lake Victoria North Water services Board,Open Tender,Works,"July 15th, 2025",Closes in 14 hours,"June 17th, 2025",None,Actions,
LVNWWDA/GK/KAK/ NAMAIKA /2024-2025/32,NAMAIKA PRIMARY WATER PROJECT,Lake Victoria North Water services Board,Open Tender,Works,"July 15th, 2025",Closes in 14 hours,"June 17th, 2025",None,Actions,
LVNWWDA/GK/KAK/ MBAKALO/2024-2025/31,MBAKALO PRIMARY-SPRING WATER PROJECT,Lake Victoria North Water services Board,Open Tender,Works,"July 15th, 2025",Closes in 14 hours,"June 17th, 2025",None,Actions,
LVNWWDA/GK/SENETWA/2024-2025/30,SENETWA–KAMELILO SPRINGS WATER PROJECT,Lake Victoria North Water services Board,Open Tender,Works,"July 15th, 2025",Closes in 14 hours,"June 17th, 2025",None,Actions,
LVNWWDA/GK/KAK/SOY-LUMINO-DAM/2024-2025/28,LUMINO DAM – SOY LIKUYANI CLUSTER WATER PROJECT,Lake Victoria North Water services Board,Open Tender,Works,"July 15th, 2025",Closes in 14 hours,"June 17th, 2025",None,Actions,
LVNWWDA/GK/KAK/LUBAO DAM/2024-2025/26,LUBAO DAM WATER PROJECT,Lake Victoria North Water services Board,Open Tender,Works,"July 15th, 2025",Closes in 14 hours,"June 17th, 2025",None,Actions,
LVNWWDA/GK/BGM/LUUYA-BWAKE/2024-2025/22,LUUYA BWAKE COMMUNITY WATER PROJECT,Lake Victoria North Water services Board,Open Tender,Works,"July 15th, 2025",Closes in 14 hours,"June 17th, 2025",None,Actions,
KPA/178/2024-25/SCM,SUPPLY OF DETERGENTS AND CLEANING MATERIALS.,Kenya Ports Authority,Open Tender,Goods,"July 16th, 2025",Closes in a day,"June 27th, 2025",Addendum added,Actions,
TNT/ONT/064/2024-2025,LEASING OF TRUCKS AND BUSES UNDER THE MOTOR  VEHICLE LEASING PROGRAMME,The National Treasury,Open Tender,Non Consultancy Services,"July 16th, 2025",Closes in a day,"June 26th, 2025",Addendum added,Actions,
KPA/213/2024-25/PSM,SUPPLY OF UNIFORMS (GENERAL),Kenya Ports Authority,Open Tender,Goods,"July 16th, 2025",Closes in a day,"June 27th, 2025",None,Actions,
KPA/215/2024-25/SCM,SUPPLY OF STAFF UNIFORMS (RESERVED FOR PREFERENCE GROUPS),Kenya Ports Authority,Open Tender,Goods,"July 16th, 2025",Closes in a day,"June 27th, 2025",None,Actions,
KPA/173/2024-25/ES,SUPPLY OF BATTERIES AND ACCESSORIES,Kenya Ports Authority,Open Tender,Goods,"July 16th, 2025",Closes in a day,"June 26th, 2025",None,Actions,
KPA/212/2024-25/SCM,SUPPLY OF PERSONAL PROTECTIVE EQUIPMENT (PPE),Kenya Ports Authority,Open Tender,Goods,"July 16th, 2025",Closes in a day,"June 26th, 2025",None,Actions,
MKRH/T/05/2025-2026,SUPPLY AND DELIVERY OF DENTAL ITEMS,MWAI KIBAKI REFERRAL HOSPITAL,Open Tender,Goods,"July 16th, 2025",Closes in a day,"June 25th, 2025",Addendum added,Actions,
MTTC/R/36/2025-2026,SUPPLY AND DELIVERY OF LABORATORY EQUIPMENT,migori teachers college,Prequalification,Goods,"July 16th, 2025",Closes in 2 days,"July 16th, 2025",None,Actions,
MTTC/R/35/2025-2026,SUPPLY AND DELIVERY OF FARM INPUTS,migori teachers college,Prequalification,Goods,"July 16th, 2025",Closes in 2 days,"July 1st, 2025",None,Actions,
MTTC/R/34/2025-2026,REGISTRATION OF CONTRACTORS,migori teachers college,Prequalification,Works,"July 16th, 2025",Closes in 2 days,"July 1st, 2025",None,Actions,
MTTC/R/33/2025-2026,FUMIGATION AND PEST CONTROL SERVICES,migori teachers college,Prequalification,Works,"July 16th, 2025",Closes in 2 days,"July 1st, 2025",None,Actions,
MTTC/R/32/2025-2026,REPAIR AND MAINTENANCE OF ENERGY SAVING JIKO,migori teachers college,Prequalification,Works,"July 16th, 2025",Closes in 2 days,"July 1st, 2025",None,Actions,
MTTC/R/31/2025-2026,SUPPLY AND DELIVERY OF KITCHEN EQUIPMENT,migori teachers college,Prequalification,Goods,"July 16th, 2025",Closes in 2 days,"July 1st, 2025",None,Actions,
MTTC/R/30/2025-2026,FABRICATION OF HOSTEL WINDOWS,migori teachers college,Prequalification,Works,"July 16th, 2025",Closes in 2 days,"July 1st, 2025",None,Actions,
MTTC/R/29/2025-2026,SUPPLY AND INSTALLATION OF CCTV,migori teachers college,Prequalification,Goods,"July 16th, 2025",Closes in 2 days,"July 1st, 2025",None,Actions,
MTTC/R/28/2025-2026,SERVICING OF FIRE EXTINGUISHERS,migori teachers college,Prequalification,Works,"July 16th, 2025",Closes in 2 days,"July 1st, 2025",None,Actions,
MTTC/R/27/2025-2026,SUPPLY AND DELIVERY OF TONERS,migori teachers college,Prequalification,Goods,"July 16th, 2025",Closes in 2 days,"July 1st, 2025",None,Actions,
MTTC/R/26/2025-2026,SUPPLY AND DELIVERY OF STATIONERY,migori teachers college,Prequalification,Goods,"July 16th, 2025",Closes in 2 days,"July 1st, 2025",None,Actions,
MTTC/R/25/2025-2026,MOTOR VEHICLE INSURANCE COVER,migori teachers college,Prequalification,Works,"July 16th, 2025",Closes in 2 days,"July 1st, 2025",None,Actions,
MTTC/R/24/2025-2026,SUPPLY AND DELIVERY OF COMPUTERS AND ACCESSORIES,migori teachers college,Prequalification,Goods,"July 16th, 2025",Closes in 2 days,"July 1st, 2025",None,Actions,
MTTC/R/23/2025-2026,SUPPLY AND DELIVERY OF GAMES EQUIPMENTS,migori teachers college,Prequalification,Goods,"July 16th, 2025",Closes in 2 days,"July 1st, 2025",None,Actions,
MTTC/R/22/2025-2026,REPAIR AND SERVICING OF MOTOR VEHICLE,migori teachers college,Prequalification,Works,"July 16th, 2025",Closes in 2 days,"July 1st, 2025",None,Actions,
MTTC/R/21/2025-2026,SUPPLY AND DELIVERY OF MOTOR VEHICLE SPARE PARTS,migori teachers college,Prequalification,Goods,"July 16th, 2025",Closes in 2 days,"July 1st, 2025",None,Actions,
MTTC/R/20/2025-2026,PROVISION OF PRINTING  SERVICES,migori teachers college,Prequalification,Works,"July 16th, 2025",Closes in 2 days,"July 1st, 2025",None,Actions,
MTTC/R/19/2025-2026,SUPPLY AND DELIVERY OF TRACK  SUITS,migori teachers college,Prequalification,Goods,"July 16th, 2025",Closes in 2 days,"July 1st, 2025",None,Actions,
MTTC/R/18/2025-2026,SUPPLY AND DELIVERY OF HARDWARE MATERIALS,migori teachers college,Prequalification,Goods,"July 16th, 2025",Closes in 2 days,"July 1st, 2025",None,Actions,
MTTC/R/17/2025-2026,SUPPLY AND DELIVERY OF ELECTRICAL MATERIALS,migori teachers college,Prequalification,Goods,"July 16th, 2025",Closes in 2 days,"July 1st, 2025",None,Actions,
MTTC/R/16/2025-2026,SUPPLY AND DELIVERY OF SHOP GROCERIES,migori teachers college,Prequalification,Goods,"July 16th, 2025",Closes in 2 days,"July 1st, 2025",None,Actions,
MTTC/R/15/2025-2026,SUPPLY AND DELIVERY OF WOOD AND CHARCOAL,migori teachers college,Prequalification,Goods,"July 16th, 2025",Closes in 2 days,"July 1st, 2025",None,Actions,
MTTC/R/14/2025-2026,SUPPLY AND DELIVERY OF RICE,migori teachers college,Prequalification,Goods,"July 16th, 2025",Closes in 2 days,"July 1st, 2025",None,Actions,
MTTC/R/13/2025-2026,SUPPLY AND DELIVERY OF GREEN GRAMS,migori teachers college,Prequalification,Goods,"July 16th, 2025",Closes in 2 days,"July 1st, 2025",None,Actions,
MTTC/R/12/2025-2026,SUPPLY AND DELIVERY OF DRY BEANS,migori teachers college,Prequalification,Goods,"July 16th, 2025",Closes in 2 days,"July 1st, 2025",None,Actions,
MTTC/R/11/2025-2026,SUPPLY AND DELIVERY OF DRY MAIZE,migori teachers college,Prequalification,Goods,"July 16th, 2025",Closes in 2 days,"July 1st, 2025",None,Actions,
MTTC/R/10/2025-2026,SUPPLY AND DELIVERY OF CHICKEN,migori teachers college,Prequalification,Goods,"July 16th, 2025",Closes in 2 days,"July 1st, 2025",None,Actions,
MTTC/T/09/2025-2026,PROVISION OF SECURITY SERVICES,migori teachers college,Open Tender,Works,"July 16th, 2025",Closes in 2 days,"July 1st, 2025",None,Actions,
MTTC/T/08/2025-2026,SUPPLY AND DELIVERY OF FUEL AND LUBRICANTS,migori teachers college,Open Tender,Goods,"July 16th, 2025",Closes in 2 days,"July 1st, 2025",None,Actions,
MTTC/T/07/2025-2026,SUPPLY AND DELIVERY OF HUMAN MEDICINE,migori teachers college,Open Tender,Goods,"July 16th, 2025",Closes in 2 days,"July 1st, 2025",None,Actions,
MTTC/T/06/2025-2026,SUPPLY  AND DELIVERY OF BAKERS FLOUR,migori teachers college,Open Tender,Goods,"July 16th, 2025",Closes in 2 days,"July 1st, 2025",None,Actions,
MTTC/T/05/2025-2026,SUPPLY AND DELIVERY OF FRESH MILK,migori teachers college,Open Tender,Goods,"July 16th, 2025",Closes in 2 days,"July 1st, 2025",None,Actions,
MTTC/T/04/2025-2026,SUPPLY AND DELIVERY OF FRESH BEEF AND FISH,migori teachers college,Open Tender,Goods,"July 16th, 2025",Closes in 2 days,"July 1st, 2025",None,Actions,
MTTC/T/03/2025-2026,SUPPLY AND DELIVERY OF TOMATOES AND ONIONS,migori teachers college,Open Tender,Goods,"July 16th, 2025",Closes in 2 days,"July 1st, 2025",None,Actions,
MTTC/T/02/2025-2026,SUPPLY AND DELIVERY OF FRUITS,migori teachers college,Open Tender,Goods,"July 16th, 2025",Closes in 2 days,"July 1st, 2025",None,Actions,
MTTC/T/01/25,SUPPLY AND DELIVERY OF FRESH VEGETABLES,migori teachers college,Open Tender,Goods,"July 16th, 2025",Closes in 2 days,"July 1st, 2025",None,Actions,
KWSC/EOI/01/2025-2026,EXPRESSION OF INTEREST FOR PROVISION OF ORGANIZATIONAL REVIEW AND JOB EVALUATION CONSULTANCY SERVICES,KISUMU WATER AND SANITATION COMPANY LIMITED,Expression of Interest,Consultancy Services,"July 16th, 2025",Closes in 2 days,"July 1st, 2025",None,Actions,
KSMCTRL/NGCDF/MGSCHIEF/1/2024/2025,Proposed construction to completion of 5 roomed administration block Migosi chief's office,Kisumu Central cdf,Open Tender,Works,"July 16th, 2025",Closes in 2 days,"June 27th, 2025",None,Actions,
KSMCTRL/NGCDF/CSDU/EDU/KSMUNION/1/2024/25,Proposed construction to completion of 4no classrooms and 7 roomed administration block at Kisumu Union Primary School,Kisumu Central cdf,Open Tender,Works,"July 16th, 2025",Closes in 2 days,"June 27th, 2025",None,Actions,
GDC/DO/OT/077/2024:2025,Supply of Bulk Drilling Cement  on As and When Required Basis.,Geothermal Development Company,Open Tender,Goods,"July 16th, 2025",Closes in 2 days,"June 24th, 2025",None,Actions,
KE-KURA-201971-GO-RFB,"PACKAGE 1: ICT SYSTEMS UPGRADING AND SUPPLY OF NECESSARY HARDWARE/EQUIPMENT UNDER LOT 1, LOT 2, LOT 3 AND LOT 4",Infrastructure,Open Tender,Goods,"July 16th, 2025",Closes in 2 days,"June 3rd, 2025",Addendum added,Actions,
KAA/OT/WAJIR/0204/2024-2025,"PROVISION OF ENVIRONMENTAL MANAGEMENT SERVICES AT WAJIR INTERNATIONAL AIRPORT (Grass Cutting, Vegetation Control, Gardening, Afforestation, Buffer Zone, Drainage, Cleaning Of All Paved Areas And Garbage Collection)",Kenya Airport Authority,Open Tender,Non Consultancy Services,"July 17th, 2025",Closes in 2 days,"June 24th, 2025",Addendum added,Actions,
KAA/OT/ISIOLO/0203/2024-2025,"PROVISION OF ENVIRONMENTAL MANAGEMENT SERVICES AT ISIOLO INTERNATIONAL AIRPORT   MAINTENANCE OF FLOWER GARDENS, LAWN, GRASS CUTTING AND   VEGETATION CONTROL LANDSIDE, AIRSIDE AREAS OF THE AIRPORT, CLEANING OF ALL PAVED AREAS AND GARBAGE COLLECTION)",Kenya Airport Authority,Open Tender,Non Consultancy Services,"July 17th, 2025",Closes in 2 days,"June 24th, 2025",Addendum added,Actions,
KJD/PS/001/2024-2025,DISPOSALOF GK 2181 LAND ROVER MODEL 109 PICK UP,COUNTY COMMISSIONER KAJIADO,Disposal of assets,Disposal of assets,"July 17th, 2025",Closes in 2 days,"June 27th, 2025",Addendum added,Actions,
KAA/OT/WAP/0205/2024-2025,"PROVISION OF ENVIRONMENTAL MANAGEMENT SERVICES AT WILSON AIRPORT  LOT1 – LANDSIDE 				    LOT2 - AIRSIDE           	(Grass Cutting, Vegetation Control, Gardening, Afforestation, Buffer Zone, Drainage and Cleaning of All Paved Areas) 	(For Duly Registered Women Owned Enterprise)",Kenya Airport Authority,Open Tender,Non Consultancy Services,"July 17th, 2025",Closes in 2 days,"June 24th, 2025",Addendum added,Actions,
KAA/OT/FIN/0199/2024-2025,PROVISION OF INSURANCE BROKERAGE SERVICES FOR  KENYA AIRPORTS AUTHORITY,Kenya Airport Authority,Open Tender,Non Consultancy Services,"July 17th, 2025",Closes in 2 days,"June 24th, 2025",Addendum added,Actions,
KAGRC 008/2024/2025,"Registration of Suppliers and Consultants For Provision of Goods ,Works and Services For Financial Year 2025/2026 and 2026/2027",Kenya Animal Genetic Resources Centre,Open Tender,Non Consultancy Services,"July 17th, 2025",Closes in 2 days,"June 20th, 2025",Addendum added,Actions,
KEMSA/GOK -MOH/OIT06/2024-2025,SUPPLY OF MALARIA RAPID DIAGNOSTIC TEST (MRDT) KIT,Kenya Medical Supplies Authority,Open Tender,Goods,"July 17th, 2025",Closes in 2 days,"June 24th, 2025",Addendum added,Actions,
KEMSA/GOK-MOH/OIT05/2024-2025,SUPPLY OF ANTIMALARIAL MEDICINES,Kenya Medical Supplies Authority,Open Tender,Goods,"July 17th, 2025",Closes in 2 days,"June 24th, 2025",Addendum added,Actions,
KAA/OT/JKIA/0198/2024-2025,PROPOSED CONSTRUCTION OF NEW GROUND FLIGHT SAFETY (GFS) TOWER AT JOMO KENYATTA INTERNATIONAL AIRPORT,Kenya Airport Authority,Open Tender,Works,"July 17th, 2025",Closes in 2 days,"June 17th, 2025",Addendum added,Actions,
KAA/OT/HQ/0191/2024-2025,"RE-TENDER FOR SUPPLY, INSTALLATION, IMPLEMENTATION AND  TRAINING OF AUDIT MANAGEMENT FOR KENYA AIRPORTS AUTHORITY",Kenya Airport Authority,Open Tender,Non Consultancy Services,"July 17th, 2025",Closes in 2 days,"June 17th, 2025",Addendum added,Actions,
KE-ICTA-476102-GO-RFB,"Supply & Delivery of Laptops & Interactive Smart Boards (ISB) for Digital Literacy Programme in Four Lots: Lot 1: 2,312No. Laptops & 2,312No. ISB; Lot 2: 2,223No. Laptops & 2,223No. ISB; Lot 3: 3,048No. Laptops & 3,048No. ISB; Lot 4: 2,799No. Laptops & 2,799No ISB.",ICT Authority,Open Tender,Goods,"July 17th, 2025",Closes in 2 days,"May 13th, 2025",Addendum added,Actions,
KPA/179/2024-25/EE,"PROVISION OF LIFTS, CONVEYOR AND ESCALATOR STATUTORY INSPECTION SERVICES FOR KPA",Kenya Ports Authority,Open Tender,Goods,"July 17th, 2025",Closes in 2 days,"June 27th, 2025",None,Actions,
LTTI/MNGHS/01/2025-2026,PROPOSED CONSTRUCTION OF MARY NGOYONI GIRLS HIGH SCHOOL (TUITION BLOCK) IN KARGI MARSABIT COUNTY,LAISAMIS TECHNICAL TRAINING INSTITUTE,Open Tender,Works,"July 17th, 2025",Closes in 2 days,"June 24th, 2025",None,Actions,
RFX 1000001366,Manda Island 11kv Double Circuit Power Line Ocean Channel Crossing and Associated Works- Retender,Rural Electrification Authority,Open Tender,Works,"July 17th, 2025",Closes in 2 days,"May 27th, 2025",None,Actions,
KTRH/T/02/2025-2026,"PROVISION OF GENERAL CLEANING SERVICES, GARDENING, LANDSCAPING AND PROVISION OF PEST CONTROL SERVICES AT THE KISII TEACHING AND REFERRAL HOSPITAL.",Kisii County Government,Open Tender,Works,"July 17th, 2025",Closes in 3 days,"July 9th, 2025",None,Actions,
KTRH /T/01/2025-2026,SUPPLY AND DELIVERY OF ICU VENTILATORS TO KISII TEACHING AND REFERRAL HOSPITAL,Kisii County Government,Open Tender,Goods,"July 17th, 2025",Closes in 3 days,"July 9th, 2025",None,Actions,
KeNHA/R7/640/2025,GRAVELLING OF KISIMA - WAMBA – SEREOLIPI (B120) ROAD (KISIMA – WAMBA  SECTION),Kenya National Highway Authority,Open Tender,Works,"July 17th, 2025",Closes in 3 days,"June 17th, 2025",Addendum added,Actions,
KeNHA/R7/639/2025,GRAVELLING OF MARALAL – BARAGOI – SOUTH HORR (A4) ROAD (MARALAL –  BARAGOI SECTION) (Reserved for All),Kenya National Highway Authority,Open Tender,Works,"July 17th, 2025",Closes in 3 days,"June 17th, 2025",Addendum added,Actions,
KeNHA/2884/2025,TENDER DOCUMENT FOR UPGRADING TO BITUMEN STANDARDS OF KAKAMEGA AIRSTRIP – SHINYALU – CHEPSONOI (B12)  ROAD,Kenya National Highway Authority,Open Tender,Works,"July 17th, 2025",Closes in 3 days,"June 17th, 2025",Addendum added,Actions,
GDC/INFRA/OT/080/2024-2025,"Supply, Installation, Testing  & Commissioning of 1500KVAR 3.3KV Common Dyco Panel.",Geothermal Development Company,Open Tender,Goods,"July 17th, 2025",Closes in 3 days,"June 24th, 2025",None,Actions,
KeNHA/2883/2025,TENDER DOCUMENT FOR UPGRADING TO BITUMEN STANDARD JUNC. A8  (TURBO) JUNC. A1 (SHIKENDU) ROAD (B123),Kenya National Highway Authority,Open Tender,Works,"July 17th, 2025",Closes in 3 days,"June 17th, 2025",Addendum added,Actions,
LKYN/NG-CDF-98/2024-2025,Proposed construction to completion of single Storey administration Block,NG-CDF LIKUYANI,Open Tender,Works,"July 17th, 2025",Closes in 3 days,"July 9th, 2025",None,Actions,
ETTI/R/2025/2027/50,"PROVISION OF PEST CONTROL AND FUMIGATION SERVICES (ELIGIBILITY-YOUTH,WOMEN & PWD)",Emining Tehnical Training Institute,Prequalification,Non Consultancy Services,"July 18th, 2025",Closes in 3 days,"June 27th, 2025",Addendum added,Actions,
ETTI/R/2025/2027/49,PROVISION OF MOTOR VEHICLE INSURANCE COVER (ELIGIBILITY-OPEN),Emining Tehnical Training Institute,Prequalification,Non Consultancy Services,"July 18th, 2025",Closes in 3 days,"June 27th, 2025",Addendum added,Actions,
ETTI/R/2025/2027/48,"PROVISION OF INSURANCE FOR INSTITUTE'S ASSETS E.G BUILDINGS,MOTOR VEHICLES E.T.C (ELIGILIBILITY-OPEN)",Emining Tehnical Training Institute,Prequalification,Non Consultancy Services,"July 18th, 2025",Closes in 3 days,"June 27th, 2025",Addendum added,Actions,
ETTI/R/2025/2027/47,"PROVISION OF SMALL CONSTRUCTION WORKS:BUILDING,GENERAL CIVIL WORKS,ELECTRICAL WORKS,PLUMBING AND PAINTING WORKS(ELIGIBILITY-OPEN)",Emining Tehnical Training Institute,Prequalification,Works,"July 18th, 2025",Closes in 3 days,"June 27th, 2025",Addendum added,Actions,
ETTI/R/2025/2027/46,PROVISION OF LAND SURVEY EQUIPMENT AND TOOLS,Emining Tehnical Training Institute,Prequalification,Non Consultancy Services,"July 18th, 2025",Closes in 3 days,"June 27th, 2025",Addendum added,Actions,
ETTI/R/2025/2027/45,PROVISION OF LANDSCAPING AND BEAUTIFICATION SERVICES (ELIGIBILITY-OPEN),Emining Tehnical Training Institute,Prequalification,Non Consultancy Services,"July 18th, 2025",Closes in 3 days,"June 27th, 2025",Addendum added,Actions,
ETTI/R/2025/2027/44,"PROVISION OF ASSET TAGGING AND CODING SERVICES (ELIGIBILITY-YOUTH,WOMEN & PWD)",Emining Tehnical Training Institute,Prequalification,Non Consultancy Services,"July 18th, 2025",Closes in 3 days,"June 27th, 2025",Addendum added,Actions,
ETTI/R/2025/2027/43,PROVISION OF VETERINARY SERVICES (ELIGIBILITY-OPEN),Emining Tehnical Training Institute,Prequalification,Non Consultancy Services,"July 18th, 2025",Closes in 3 days,"June 27th, 2025",Addendum added,Actions,
ETTI/R/2025/2027/42,PROVISION OF INTERNET CONNECTIVITY SERVICES (ELIGIBILITY-OPEN),Emining Tehnical Training Institute,Prequalification,Non Consultancy Services,"July 18th, 2025",Closes in 3 days,"June 27th, 2025",Addendum added,Actions,
ETTI/R/2025/2027/41,PROVISION OF SURVEY AND CONSULTANCY SERVICES(ELIGIBILITY-OPEN),Emining Tehnical Training Institute,Prequalification,Consultancy Services,"July 18th, 2025",Closes in 3 days,"June 27th, 2025",Addendum added,Actions,
ETTI/R/2025/2027/40,PROVISION OF STUDENT'S HOSTEL ACCOMMODATION SERVICES (ELIGIBILITY-OPEN),Emining Tehnical Training Institute,Prequalification,Non Consultancy Services,"July 18th, 2025",Closes in 3 days,"June 27th, 2025",Addendum added,Actions,
ETTI/R/2025/2027/39,PROVISION OF WEB HOSTING AND CLOUD SERVICES (ELIGIBILITY-OPEN),Emining Tehnical Training Institute,Prequalification,Non Consultancy Services,"July 18th, 2025",Closes in 3 days,"June 27th, 2025",Addendum added,Actions,
ETTI/R/2025/2027/38,"SUPPLY,DELIVERY AND MAINTENANCE OF CCTV EQUIPMENT & SECURITY RELATED SERVICES(ELIGIBILITY-OPEN)",Emining Tehnical Training Institute,Prequalification,Goods,"July 18th, 2025",Closes in 3 days,"June 27th, 2025",Addendum added,Actions,
ETTI/R/2025/2027/37,SUPPLY AND DELIVERY OF LIBRARY BOOKS AND E-LIBRARY SERVICES (ELIGIBILITY-OPEN),Emining Tehnical Training Institute,Prequalification,Goods,"July 18th, 2025",Closes in 3 days,"June 27th, 2025",Addendum added,Actions,
ETTI/R/2025/2027/36,"SUPPLY AND DELIVERY OF CUTLERY,UTENSILS AND KITCHEN APPLIANCES (ELIGIBILITY-YOUTH,WOMEN & PWD)",Emining Tehnical Training Institute,Prequalification,Goods,"July 18th, 2025",Closes in 3 days,"June 27th, 2025",Addendum added,Actions,
ETTI/R/2025/2027/35,"SUPPLY AND DELIVERY OF ASSORTED FURNITUREAND FITTINGS, E.G. OFFICE,LECTURE,LABORATORY,BOARDING E.T.C (ELIGIBILITY-OPEN)",Emining Tehnical Training Institute,Prequalification,Goods,"July 18th, 2025",Closes in 3 days,"June 27th, 2025",Addendum added,Actions,
ETTI/R/2025/2027/34,"SUPPLY AND DELIVERY OF COMPUTERS,PARTS & ACCESSORIES,GENERAL OFFICE EQUIPMENT AND PROVISION OF REPAIRS AND MAINTENANCE SERVICES OF OFFICE EQUIPMENT(ELIGIBILITY-OPEN)",Emining Tehnical Training Institute,Prequalification,Goods,"July 18th, 2025",Closes in 3 days,"June 27th, 2025",Addendum added,Actions,
ETTI/R/2025/2027/33,SUPPLY AND DELIVERY OF WELDING GAS(OXYGEN AND ACETYLENE) (ELIGIBILITY-OPEN),Emining Tehnical Training Institute,Prequalification,Goods,"July 18th, 2025",Closes in 3 days,"June 27th, 2025",Addendum added,Actions,
ETTI/R/2025/2027/32,"SUPPLY AND DELIVERY OF LIVESTOCK FEEDS,FARM INPUTS AND SEEDS (ELIGIBILITY-OPEN)",Emining Tehnical Training Institute,Prequalification,Goods,"July 18th, 2025",Closes in 3 days,"June 27th, 2025",Addendum added,Actions,
ETTI/R/2025/2027/31,"PROVISION OF PRINTING AND SUPPLY OF BRANDED MATERIALS E.G ENVELOPES,CALENDARS,BROCHURES,T-SHIRTS,BANNERS ETC(ELIGIBILITY-YOUTH,WOMEN & PWD)",Emining Tehnical Training Institute,Prequalification,Non Consultancy Services,"July 18th, 2025",Closes in 3 days,"June 27th, 2025",Addendum added,Actions,
ETTI/R/2025/2027/30,"SUPPLY AND DELIVERY OF MATTRESSES AND BEDDINGS (ELIGIBILITY-YOUTH,WOMEN & PWD)",Emining Tehnical Training Institute,Prequalification,Goods,"July 18th, 2025",Closes in 3 days,"June 27th, 2025",Addendum added,Actions,
ETTI/R/2025/2027/29,SUPPLY AND DELIVERY OF CLEAN WATER BY WATER BOOZERS (ELIGIBILITY-OPEN),Emining Tehnical Training Institute,Prequalification,Goods,"July 18th, 2025",Closes in 3 days,"June 27th, 2025",Addendum added,Actions,
ETTI/R/2025/2027/28,"SUPPLY AND DELIVERY OF FIREWOOD (ELIGIBILITY-YOUTH,WOMEN  &PWD)",Emining Tehnical Training Institute,Prequalification,Goods,"July 18th, 2025",Closes in 3 days,"June 27th, 2025",Addendum added,Actions,
ETTI/R/2025/2027/27,"SUPPLY AND DELIVERY OF AGRICULTURAL FARM TOOLS,MACHINES AND EQUIPMENT (ELIGIBILITY-OPEN)",Emining Tehnical Training Institute,Prequalification,Goods,"July 18th, 2025",Closes in 3 days,"June 27th, 2025",Addendum added,Actions,
ETTI/R/2025/2027/26,"SUPPLY AND DELIVERY OF PETROL,DIESEL AND ALLIED PRODUCTS (ELIGIBILITY-OPEN)",Emining Tehnical Training Institute,Prequalification,Goods,"July 18th, 2025",Closes in 3 days,"June 27th, 2025",Addendum added,Actions,
ETTI/R/2025/2027/25,"SUPPLY AND DELIVERY OF GENERAL SHOP ITEMS & PROCESSED FOOD STUFFS E.G. RICE,SUGAR,COOKING OIL ETC. (ELIGIBILITY-OPEN)",Emining Tehnical Training Institute,Prequalification,Goods,"July 18th, 2025",Closes in 3 days,"June 27th, 2025",Addendum added,Actions,
ETTI/R/2025/2027/24,"SUPPLY AND DELIVERY OF COOKING GAS (REFILLING) (ELIGIBILITY-YOUTH,WOMEN  & PWD)",Emining Tehnical Training Institute,Prequalification,Non Consultancy Services,"July 18th, 2025",Closes in 3 days,"June 27th, 2025",Addendum added,Actions,
ETTI/R/2025/2027/23,"SUPPLY AND DELIVERY OF SPORTS EQUIPMENT AND UNIFORMS (ELIGIBILITY-YOUTH,WOMEN & PWD)",Emining Tehnical Training Institute,Prequalification,Goods,"July 18th, 2025",Closes in 3 days,"June 27th, 2025",Addendum added,Actions,
ETTI/R/2025/2027/22,"SUPPLY AND DELIVERY OF BRANDED STAFF UNIFORMS E.G. T SHIRTS,DUST COATS,SECURITY UNIFORMS E.T.C (ELIGIBILITY-YOUTH,WOMEN & PWD)",Emining Tehnical Training Institute,Prequalification,Goods,"July 18th, 2025",Closes in 3 days,"June 27th, 2025",Addendum added,Actions,
ETTI/R/2025/2027/21,"SUPPLY AND DELIVERY OF DETERGENTS,DISINFECTANTS AND GENERAL CLEANING MATERIALS(ELIGIBILITY-YOUTH,WOMEN & PWD)",Emining Tehnical Training Institute,Prequalification,Goods,"July 18th, 2025",Closes in 3 days,"June 27th, 2025",Addendum added,Actions,
ETT/T/2025/2027/20,SUPPLY AND DELIVERY OF FIREFIGHTING EQUIPMENT & MAINTENANCE SERVICES (ELIGIBILITY-OPEN),Emining Tehnical Training Institute,Prequalification,Goods,"July 18th, 2025",Closes in 3 days,"June 27th, 2025",Addendum added,Actions,
ETTI/R/2025/2027/19,SUPPLY AND DELIVERY OF GENERAL OFFICE STATIONERY (ELIGIBILITY-OPEN),Emining Tehnical Training Institute,Prequalification,Goods,"July 18th, 2025",Closes in 3 days,"June 27th, 2025",Addendum added,Actions,
ETTI/F/2025/2027/18,TENDER 18- FRAMEWORK AGREEMENT FOR SUPPLY AND DELIVERY OF HARDWARE MATERIALS(ELIGIBILITY-OPEN),Emining Tehnical Training Institute,Framework Agreements,Goods,"July 18th, 2025",Closes in 3 days,"June 27th, 2025",Addendum added,Actions,
ETTI/F/2025/2027/17,"TENDER 17- FRAMEWORK AGREEMENT FOR SUPPLY AND DELIVERY OF ELECTRICAL WORKSHOP MATERIALS, ELECTRICAL FITTINGS AND ELECTRONIC TOOLS AND EQUIPMENTALS, AND EQUIPMENT(ELIGIBILITY-OPEN)",Emining Tehnical Training Institute,Framework Agreements,Goods,"July 18th, 2025",Closes in 3 days,"June 27th, 2025",Addendum added,Actions,
ETTI/F/2025/2027/16,"TENDER 16-FRAMEWORK AGREEMENT FOR SUPPLY AND DELIVERY OF MECHANICAL, WELDING AND PLUMBING WORKSHOP ENGINEERING MATERIALS, TOOLS AND EQUIPMENT(ELIGIBILITY-OPEN)",Emining Tehnical Training Institute,Framework Agreements,Goods,"July 18th, 2025",Closes in 3 days,"June 27th, 2025",Addendum added,Actions,
ETTI/F/2025/2027/15,"TENDER 15-FRAMEWORK AGREEMENT FOR SUPPLY AND DELIVERY OF FOOD AND BEVERAGE ITEMS,EQUIPMENT AND MATERIALS(ELIGIBILITY-YOUTH,WOMEN & PWD)",Emining Tehnical Training Institute,Framework Agreements,Goods,"July 18th, 2025",Closes in 3 days,"June 27th, 2025",Addendum added,Actions,
ETTI/F/2025/2027/14,"TENDER 14-FRAMEWORK AGREEMENT FORSUPPLY AND DELIVERY OF HAIR DRESSING AND BEAUTY THERAPY EQUIPMENT AND TRAINING MATERIALS(ELIGIBILITY-YOUTH,WOMEN & PWD)",Emining Tehnical Training Institute,Framework Agreements,Goods,"July 18th, 2025",Closes in 3 days,"June 27th, 2025",Addendum added,Actions,
ETTI/F/2025/2027/13,"TENDER 13-FRAMEWORK AGREEMENT FOR SUPPLY AND DELIVERY OF MOTOR VEHICLE SPARES,TOOLS AND EQUIPMENT AND PROVISION OF MOTOR VEHICLE SERVICE AND REPAIRS(ELIGIBILITY-OPEN)",Emining Tehnical Training Institute,Framework Agreements,Goods,"July 18th, 2025",Closes in 3 days,"June 27th, 2025",Addendum added,Actions,
ETTI/R/2025/2026/12,"TENDER 12-SUPPLY AND DELIVERY OF FRESH FRUITS (ELIGIBILITY-YOUTH,WOMEN &PWD)",Emining Tehnical Training Institute,Open Tender,Goods,"July 18th, 2025",Closes in 3 days,"June 27th, 2025",Addendum added,Actions,
ETTI/R/2025/2026/11,TENDER 11-SUPPLY AND DELIVERY OF MILK (ELIGIBILITY-OPEN),Emining Tehnical Training Institute,Open Tender,Goods,"July 18th, 2025",Closes in 3 days,"May 27th, 2025",Addendum added,Actions,
ETTI/R/2025/2026/10,TENDER 10-SUPPLY AND DELIVERY OF PERISHABLE FOODSTUFF E.G VEGETABLES & GROCERIES E.T.C (ELIGIBILITY-OPEN),Emining Tehnical Training Institute,Open Tender,Goods,"July 18th, 2025",Closes in 3 days,"June 27th, 2025",Addendum added,Actions,
ETTI/R/2025/2026/09,"TENDER 09-SUPPLY AND DELIVERY OF CEREALS E.G MAIZE,BEANS E.T.C (ELIGIBILITY-OPEN)",Emining Tehnical Training Institute,Open Tender,Goods,"July 18th, 2025",Closes in 3 days,"June 27th, 2025",Addendum added,Actions,
ETTI/T/2025/2026/08,TENDER 08-PROVISION OF PROVISION SERVICES (ELIGIBILITY-OPEN),Emining Tehnical Training Institute,Open Tender,Non Consultancy Services,"July 18th, 2025",Closes in 3 days,"June 27th, 2025",Addendum added,Actions,
ETTI/T/2025/2026/07,"TENDER 07-PROVISION OF EXHAUSTER SERVICES (ELIGIBILITY-YOUTH,WOMEN & PWD)",Emining Tehnical Training Institute,Open Tender,Non Consultancy Services,"July 18th, 2025",Closes in 3 days,"June 27th, 2025",Addendum added,Actions,
ETTI/T/2025/2026/06,TENDER 06-PROVISION OF PERSONAL INSURANCE COVERS FOR STUDENTS (ELIGIBILITY-OPEN),Emining Tehnical Training Institute,Open Tender,Non Consultancy Services,"July 18th, 2025",Closes in 3 days,"June 27th, 2025",Addendum added,Actions,
ETTI/T/2025/2026/05,"TENDER 05-PROVISION OF SANITARY BIN SERVICES (ELIGIBILITY-YOUTH,WOMEN & PWD)",Emining Tehnical Training Institute,Open Tender,Non Consultancy Services,"July 18th, 2025",Closes in 3 days,"June 27th, 2025",Addendum added,Actions,
ETTI/T/2025/2026/04,"TENDER 04-SUPPLY AND DELIVERY OF NEWSPAPERS,MAGAZINES AND PERIODICALS (ELIGIBILITY-YOUTH,WOMEN & PWD)",Emining Tehnical Training Institute,Open Tender,Goods,"July 18th, 2025",Closes in 3 days,"June 27th, 2025",Addendum added,Actions,
ETTI/T/2025/2026/03,TENDER 03-SUPPLY AND DELIVERY OF BREAD (ELIGIBILITY-OPEN),Emining Tehnical Training Institute,Open Tender,Goods,"July 18th, 2025",Closes in 3 days,"June 27th, 2025",Addendum added,Actions,
ETTI/T/2025/2026/02,TENDER FOR SUPPLY AND DELIVERY OF BOTTLED CLEAN DRINKING WATER (ELIGIBILITY-OPEN),Emining Tehnical Training Institute,Open Tender,Goods,"July 18th, 2025",Closes in 3 days,"June 27th, 2025",Addendum added,Actions,
ETTI/T/2025/2026/01,SUPPLY AND DELIVERY OF FRESH MEAT,Emining Tehnical Training Institute,Open Tender,Goods,"July 18th, 2025",Closes in 3 days,"June 27th, 2025",Addendum added,Actions,
KPA/226/2024-25/SCM,SUPPLY OF FOODSTUFF (RESERVED FOR PREVERENCE GROUPS),Kenya Ports Authority,Open Tender,Goods,"July 18th, 2025",Closes in 3 days,"June 27th, 2025",None,Actions,
NHC/PPP/019/2024-25,"RFQ FOR The Development of an Affordable Housing Project at the Stoni Athi Estate off Mombasa Road, Machakos County, Kenya on Public Private Partnership (PPP) Basis",National Housing Corporation,Prequalification,Works,"July 18th, 2025",Closes in 4 days,"May 20th, 2025",None,Actions,
BBSI/NG-CDF/NYAC/ T4/2025-2026,CONSTRUCTION OF ONE STOREY BUILDING CONSISTING OF 4NO. CLASSROOMS AT NYACHOGOCHOGO SECONDARY SCHOOL,BOBASI CONSTITUENCY,Open Tender,Works,"July 21st, 2025",Closes in 6 days,"July 14th, 2025",None,Actions,
BBSI/NG-CDF/NAIK/ T3/2025-2026,CONSTRUCTION TO COMPLETION OF 300 CAPACITY GIRLS’ DORMITORY BLOCK: PHASE I (GROUND FLOOR) AT NAIKURU SECONDARY SCHOOL,BOBASI CONSTITUENCY,Open Tender,Works,"July 21st, 2025",Closes in 6 days,"July 14th, 2025",None,Actions,
BBSI/NG-CDF/MOCH/ T2/2025-2026,"CONSTRUCTION OF ONE STOREY BUILDING BLOCK CONSISTING OF STAFFROOM, ADMINISTRATION OFFICES AND 4NO.CLASSROOMS AT MOCHENGO PRIMARY SCHOOL",BOBASI CONSTITUENCY,Open Tender,Works,"July 21st, 2025",Closes in 6 days,"July 14th, 2025",None,Actions,
BBSI/NG -CDF/GEK/ T1/2025-2026,"CONSTRUCTION OF ONE STOREY BUILDING BLOCK CONSISTING OF STAFFROOM, ADMINISTRATION OFFICES AND 4NO.CLASSROOMS AT GEKONGO PRIMARY SCHOOL",BOBASI CONSTITUENCY,Open Tender,Works,"July 21st, 2025",Closes in 6 days,"July 14th, 2025",None,Actions,
MOSO.TTC/B/PREQ/2025-2026-023,"SUPPLY,INSTALLATION AND TESTING OF AN E-ASSESSMENT SYSTEM",MOSORIOT TEACHERS TRAINING COLLEGE,Open Tender,Works,"July 21st, 2025",Closes in 7 days,"July 8th, 2025",None,Actions,
MOSO.TTC/B/PREQ/2025-2026-022,"CUTLERY,CROCKERY AND OTHER KITCHENWARE",MOSORIOT TEACHERS TRAINING COLLEGE,Open Tender,Goods,"July 21st, 2025",Closes in 7 days,"July 8th, 2025",None,Actions,
MOSO.TTC/B/PREQ/2025-2026-021,"REPAIR AND MAINTENANCE OF BOILERS,CHIMNEYS AND TEA URNS",MOSORIOT TEACHERS TRAINING COLLEGE,Open Tender,Works,"July 21st, 2025",Closes in 7 days,"July 8th, 2025",None,Actions,
MOSO.TTC/B/PREQ/2025-2026-020,BUILDING WORKS REPAIRS AND MAINTENANCE,MOSORIOT TEACHERS TRAINING COLLEGE,Open Tender,Works,"July 21st, 2025",Closes in 7 days,"July 8th, 2025",None,Actions,
MOSO.TTC/B/PREQ/2025-2026-019,"EVENT PLANNING SERVICES(TENTS,CHAIRS,P.A. SYSTEM)",MOSORIOT TEACHERS TRAINING COLLEGE,Open Tender,Works,"July 21st, 2025",Closes in 7 days,"July 8th, 2025",None,Actions,
MOSO.TTC/B/PREQ/2025-2026-018,REPAIR AND MAINTENANCE OF OFFICE AND STUDENTS' FURNITURE,MOSORIOT TEACHERS TRAINING COLLEGE,Open Tender,Works,"July 21st, 2025",Closes in 7 days,"July 8th, 2025",None,Actions,
MOSO.TTC/B/PREQ/2025-2026-017,SERVICING AND MAINTENANCE OF BOREHOLE AND WATER PUMPS,MOSORIOT TEACHERS TRAINING COLLEGE,Open Tender,Works,"July 21st, 2025",Closes in 7 days,"July 8th, 2025",None,Actions,
MOSO.TTC/B/PREQ/2025-2026-016,CCTV CAMERAS AND ELECTRICAL APPLIANCES,MOSORIOT TEACHERS TRAINING COLLEGE,Open Tender,Works,"July 21st, 2025",Closes in 7 days,"July 8th, 2025",None,Actions,
MOSO.TTC/B/PREQ/2025-2026-015,SUPPLY OF OFFICE AND STUDENTS' FURNITURE,MOSORIOT TEACHERS TRAINING COLLEGE,Open Tender,Goods,"July 21st, 2025",Closes in 7 days,"July 8th, 2025",None,Actions,
MOSO.TTC/B/PREQ/2025-2026-014,SCIENCE LABORATORY CHEMICALS AND EQUIPMENT,MOSORIOT TEACHERS TRAINING COLLEGE,Open Tender,Goods,"July 21st, 2025",Closes in 7 days,"July 8th, 2025",None,Actions,
MOSO.TTC/B/PREQ/2025-2026-013,"BUILDING MATERIALS (SAND,BALLAST AND HARDCORE)",MOSORIOT TEACHERS TRAINING COLLEGE,Open Tender,Goods,"July 21st, 2025",Closes in 7 days,"July 8th, 2025",None,Actions,
MOSO.TTC/B/PREQ/2025-2026-012,"COMPUTERS,PRINTERS,SCANNERS AND OTHER I.C.T APPLIANCES",MOSORIOT TEACHERS TRAINING COLLEGE,Open Tender,Goods,"July 21st, 2025",Closes in 7 days,"July 8th, 2025",None,Actions,
MOSO.TTC/B/PREQ/2025-2026-011,"SERVICING AND MAINTENANCE OF TOOLS AND EQUIPMENT (LAWN MOWERS,BRUSH CUTTERS,JERRY MOWER)",MOSORIOT TEACHERS TRAINING COLLEGE,Open Tender,Works,"July 21st, 2025",Closes in 7 days,"July 8th, 2025",None,Actions,
MOSO.TTC/B/PREQ/2025-2026-010,VETERINARY SERVICES,MOSORIOT TEACHERS TRAINING COLLEGE,Open Tender,Works,"July 21st, 2025",Closes in 7 days,"July 8th, 2025",None,Actions,
MOSO.TTC/B/PREQ/2025-2026-009,SANITARY DISPOSAL AND EQUIPMENT,MOSORIOT TEACHERS TRAINING COLLEGE,Open Tender,Works,"July 21st, 2025",Closes in 7 days,"July 8th, 2025",None,Actions,
MOSO.TTC/B/PREQ/2025-2026-008,PRINTING SERVICES,MOSORIOT TEACHERS TRAINING COLLEGE,Open Tender,Works,"July 21st, 2025",Closes in 7 days,"July 8th, 2025",None,Actions,
MOSO.TTC/B/PREQ/2025-2026-007,HOTEL ND CONFERENCE FACILITIES,MOSORIOT TEACHERS TRAINING COLLEGE,Open Tender,Works,"July 21st, 2025",Closes in 7 days,"July 8th, 2025",None,Actions,
MOSO.TTC/B/PREQ/2025-2026-006,CONSULTANCY SERVICES,MOSORIOT TEACHERS TRAINING COLLEGE,Open Tender,Consultancy Services,"July 21st, 2025",Closes in 7 days,"July 8th, 2025",None,Actions,
MOSO.TTC/B/PREQ/2025-2026-005,"SERVICING AND MAINTENANCE OF  COMPUTERS,PRINTERS,PHOTOCOPIERS AND COPY PRINTERS",MOSORIOT TEACHERS TRAINING COLLEGE,Open Tender,Works,"July 21st, 2025",Closes in 7 days,"July 8th, 2025",None,Actions,
MOSO.TTC/B/PREQ/2025-2026-004,SERVICING AND MAINTENANCE OF GENERATOR,MOSORIOT TEACHERS TRAINING COLLEGE,Open Tender,Works,"July 21st, 2025",Closes in 7 days,"July 8th, 2025",None,Actions,
MOSO.TTC/B/PREQ/2025-2026-003,SECURITY SERVICES,MOSORIOT TEACHERS TRAINING COLLEGE,Open Tender,Works,"July 21st, 2025",Closes in 7 days,"July 8th, 2025",None,Actions,
MOSO.TTC/B/PREQ/2025-2026-002,SERVICING OF FIRE EXTINGUISHERS,MOSORIOT TEACHERS TRAINING COLLEGE,Open Tender,Works,"July 21st, 2025",Closes in 7 days,"July 8th, 2025",None,Actions,
MOSO.TTC/B/PREQ/2025-2026-001,REPAIR AND MAINTENANCE OF MOTOR VEHICLES,MOSORIOT TEACHERS TRAINING COLLEGE,Open Tender,Works,"July 21st, 2025",Closes in 7 days,"July 8th, 2025",None,Actions,
MOSO.TTC/A/2025-2026-022,DRY  FIREWOOD,MOSORIOT TEACHERS TRAINING COLLEGE,Open Tender,Goods,"July 21st, 2025",Closes in 7 days,"July 8th, 2025",None,Actions,
MOSO.TTC/A/2025-2026-020,STUDENTS IDENTIFICATION CARDS,MOSORIOT TEACHERS TRAINING COLLEGE,Open Tender,Goods,"July 21st, 2025",Closes in 7 days,"July 8th, 2025",None,Actions,
MOSO.TTC/A/2025-2026-019,"ANIMAL FEEDS,AGROVET MATERIALS AND FARM INPUTS",MOSORIOT TEACHERS TRAINING COLLEGE,Open Tender,Goods,"July 21st, 2025",Closes in 7 days,"July 8th, 2025",None,Actions,
MOSO.TTC/A/2025-2026-018,FRESH MILK,MOSORIOT TEACHERS TRAINING COLLEGE,Open Tender,Goods,"July 21st, 2025",Closes in 7 days,"July 8th, 2025",None,Actions,
MOSO.TTC/A/2025-2026-017,FRESH FRUITS,MOSORIOT TEACHERS TRAINING COLLEGE,Open Tender,Goods,"July 21st, 2025",Closes in 7 days,"July 8th, 2025",None,Actions,
MOSO.TTC/A/2025-2026-016,VEGETABLES AND GROCERIES,MOSORIOT TEACHERS TRAINING COLLEGE,Open Tender,Goods,"July 21st, 2025",Closes in 7 days,"July 8th, 2025",None,Actions,
MOSO.TTC/A/2025-2026-015,"SHOP ITEMS AND BEVERAGES (SUGAR,RICE,COOKING OIL,SALT,TOMATO PASTE)",MOSORIOT TEACHERS TRAINING COLLEGE,Open Tender,Goods,"July 21st, 2025",Closes in 7 days,"July 8th, 2025",None,Actions,
MOSO.TTC/A/2025-2026-014,DRY MAIZE,MOSORIOT TEACHERS TRAINING COLLEGE,Open Tender,Goods,"July 21st, 2025",Closes in 7 days,"July 8th, 2025",None,Actions,
MOSO.TTC/A/2025-2026-013,DRY BEANS,MOSORIOT TEACHERS TRAINING COLLEGE,Open Tender,Goods,"July 21st, 2025",Closes in 7 days,"July 8th, 2025",None,Actions,
MOSO.TTC/A/2025-2026-012,"TYRES,TUBES,BATTERIES AND MOTORVEHICLE SPARE PARTS",MOSORIOT TEACHERS TRAINING COLLEGE,Open Tender,Goods,"July 21st, 2025",Closes in 7 days,"July 8th, 2025",None,Actions,
MOSO.TTC/A/2025-2026-011,CLEANING MATERIALS AND DISINFECTANTS,MOSORIOT TEACHERS TRAINING COLLEGE,Open Tender,Goods,"July 21st, 2025",Closes in 7 days,"July 8th, 2025",None,Actions,
MOSO.TTC/A/2025-2026-010,MEAT(BEEF&MUTTON),MOSORIOT TEACHERS TRAINING COLLEGE,Open Tender,Goods,"July 21st, 2025",Closes in 7 days,"July 8th, 2025",None,Actions,
MOSO.TTC/A/2025-2026-009,PLUMBING MATERIALS,MOSORIOT TEACHERS TRAINING COLLEGE,Open Tender,Goods,"July 21st, 2025",Closes in 7 days,"July 8th, 2025",None,Actions,
MOSO.TTC/A/2025-2026-008,ELECTRICAL MATERIALS AND ACCESSORIES,MOSORIOT TEACHERS TRAINING COLLEGE,Open Tender,Goods,"July 21st, 2025",Closes in 7 days,"July 8th, 2025",None,Actions,
MOSO.TTC/A/2025-2026-007,CATRIDGES AND TONNERS,MOSORIOT TEACHERS TRAINING COLLEGE,Open Tender,Goods,"July 21st, 2025",Closes in 7 days,"July 8th, 2025",None,Actions,
MOSO.TTC/A/2025-2026-006,STATIONERY,MOSORIOT TEACHERS TRAINING COLLEGE,Open Tender,Goods,"July 21st, 2025",Closes in 7 days,"July 8th, 2025",None,Actions,
MOSO.TTC/A/2025-2026-005,PHARMACEUTICALS AND DISPENSARY EQUIPMENT,MOSORIOT TEACHERS TRAINING COLLEGE,Open Tender,Goods,"July 21st, 2025",Closes in 7 days,"July 8th, 2025",None,Actions,
MOSO.TTC/A/2025-2026-004,BREAD AND CONFECTIONERY,MOSORIOT TEACHERS TRAINING COLLEGE,Open Tender,Goods,"July 21st, 2025",Closes in 7 days,"July 8th, 2025",None,Actions,
MOSO.TTC/A/2025-2026-003,HARDWARE MATERIALS,MOSORIOT TEACHERS TRAINING COLLEGE,Open Tender,Goods,"July 21st, 2025",Closes in 7 days,"July 8th, 2025",None,Actions,
MOSO.TTC/A/2025-2026-002,"SPORTS UNIFORMS,STAFF UNIFORMS,PROCTECTIVE GEAR AND EQUIPMENT",MOSORIOT TEACHERS TRAINING COLLEGE,Open Tender,Goods,"July 21st, 2025",Closes in 7 days,"July 8th, 2025",None,Actions,
MOSO.TTC/A/2025-2026-001,"FUEL ,OIL AND LUBRICANTS",MOSORIOT TEACHERS TRAINING COLLEGE,Open Tender,Goods,"July 21st, 2025",Closes in 7 days,"July 8th, 2025",None,Actions,
LVNWWDA/GK/NANDI/CHEPKIK-KAIBOI/2024-2025/24,KABIYET-KAIBOI-CHEPKIT CLUSTER WATER PROJECT,Lake Victoria North Water services Board,Open Tender,Works,"July 22nd, 2025",Closes in 7 days,"June 17th, 2025",Addendum added,Actions,
NaMATA/OT/SPS/015/2024-2025,PROVISION OF FUND ADMINISTRATION SERVICES FOR THE ESTABLISHMENT OF A STAFF PENSION SCHEME,Nairobi Metropolitan Area Transport Authority,Open Tender,Non Consultancy Services,"July 22nd, 2025",Closes in 7 days,"June 27th, 2025",Addendum added,Actions,
GDC/ICT/OT/078/2024-2025,REMODELING/MODERNIZATION OF GDC DATA CENTER AT KAWI HOUSE,Geothermal Development Company,Open Tender,Works,"July 22nd, 2025",Closes in 7 days,"June 24th, 2025",Addendum added,Actions,
NaMATA/OT/SPS/015/B/2024-2025,TENDER FOR PROVISION OF FUND MANAGEMENT AND ADMINISTRATION SERVICES FOR THE ESTABLISHMENT OF A STAFF PENSION SCHEME,Nairobi Metropolitan Area Transport Authority,Open Tender,Non Consultancy Services,"July 22nd, 2025",Closes in 8 days,"July 14th, 2025",None,Actions,
MSU/ONT/016/2024-2025,SUPPLY AND DELIVERY OF TEXTBOOKS FOR LIBRARY SERVICES,Maseno University,Open Tender,Goods,"July 22nd, 2025",Closes in 8 days,"January 7th, 2025",None,Actions,
KE-MOMBEMA-C2-2024-041-CS-QCBS; MMBEMA/SDBE&F/02/2025-2026,Consulting Services to Undertake Beneficiary Satisfaction Survey for Kenya Marine  Fisheries Socio-Economic Development (KEMFSED) Project,"State Department for Fisheries, Aquaculture and the Blue Economy",Open Tender,Consultancy Services,"July 22nd, 2025",Closes in 8 days,"July 1st, 2025",None,Actions,
KE-MOMBEMA-C2-2024-040-CS-QCBS; MMBEMA/SDBE&F/01/2025-2026,Consulting Services for Development of Blue Economy Master Plan for Kenya,"State Department for Fisheries, Aquaculture and the Blue Economy",Open Tender,Consultancy Services,"July 22nd, 2025",Closes in 8 days,"July 1st, 2025",None,Actions,
KE-SDD-491096-CS-QCBS,Consulting Services- Independent Verification Consulting Services to Undertake the Annual Performance Assessments (For FY 25/26 and FY 26/27) on the achievement of Results under KDSP II,State Department of Devolution,Expression of Interest,Consultancy Services,"July 22nd, 2025",Closes in 8 days,"June 24th, 2025",None,Actions,
KTTC/BOM/01/2025,PROPOSED CONSTRUCTION OF A PERIMETER WALL AT KERICHO TEACHERS TRAINING COLLEGE,kericho teachers college,Open Tender,Works,"July 22nd, 2025",Closes in 8 days,"July 9th, 2025",None,Actions,
SUPPLY AND DELIVERY OF CLEANSING MATERIALS,MKRH/T/12/2025-2026,MWAI KIBAKI REFERRAL HOSPITAL,Open Tender,Goods,"July 23rd, 2025",Closes in 8 days,"June 30th, 2025",Addendum added,Actions,
KPA/143/2024-25/HR,FRAMEWORK CONTRACT FOR PROVISION OF TRAINING SERVICES,Kenya Ports Authority,Open Tender,Non Consultancy Services,"July 23rd, 2025",Closes in 8 days,"June 27th, 2025",None,Actions,
MKRH/T/08/2025-2027,FRAMEWORK CONTRACT FOR SUPPLY AND DELIVERY OF SUTURES AND THEATRE CONSUMABLES,MWAI KIBAKI REFERRAL HOSPITAL,Open Tender,Goods,"July 23rd, 2025",Closes in 8 days,"June 27th, 2025",Addendum added,Actions,
UGENYA NGCDF/233/2024 2025,"PROPOSED RENOVATION OF 4 No. CLASSROOMS AT OHANDO PRIMARY SCHOOL, EAST WARD, UGENYA SUB-COUNTY.",Ugenya NG-CDF,Open Tender,Works,"July 24th, 2025",Closes in 9 days,"June 30th, 2025",Addendum added,Actions,
UGENYA NGCDF/229/2024 2025,"PROPOSED RENOVATION OF 3 No. CLASSROOMS AT BURANGA PRIMARY SCHOOL, EAST WARD, UGENYA SUB-COUNTY.",Ugenya NG-CDF,Open Tender,Works,"July 24th, 2025",Closes in 9 days,"June 30th, 2025",Addendum added,Actions,
KSMCTRL/NGCDF/CSDU/EDU/XAVR/1/2024/25,PROPOSED CONSTRUCTION TO COMPLETION OF 2NO CLASSROOMS ON FIRST FLOOR ONE STOREY AT XAVERIAN PRIMARY SCHOOL,Kisumu Central cdf,Open Tender,Works,"July 24th, 2025",Closes in 9 days,"June 24th, 2025",Addendum added,Actions,
KSMCTRL/NGCDF/CSDU/EDU/NANGA/1/2024/25,PROPOSED CONSTRUCTION TO COMPLETION OF 2NO CLASSROOMS ON GROUND FLOOR ONE STOREY AT  NANGA PRIMARY SCHOOL,Kisumu Central cdf,Open Tender,Works,"July 24th, 2025",Closes in 9 days,"June 24th, 2025",Addendum added,Actions,
KSMCTRL/NGCDF/CSDU/EDU/MAGADI /1/2024/25,PROPOSED CONSTRUCTION TO COMPLETION OF 2NO CLASSROOMS ON GROUND FLOOR ONE STOREY AT  MAGADI PRIMARY SCHOOL,Kisumu Central cdf,Open Tender,Works,"July 24th, 2025",Closes in 9 days,"June 24th, 2025",Addendum added,Actions,
KSMCTRL/NGCDF/CSDU/EDU/KUDHO//2024/25,PROPOSED CONSTRUCTION TO COMPLETION OF 2NO CLASSROOMS ON FIRST FLOOR ONE STOREY AT  KUDHO PRIMARY SCHOOL,Kisumu Central cdf,Open Tender,Works,"July 24th, 2025",Closes in 9 days,"June 24th, 2025",Addendum added,Actions,
KSMCTRL/NGCDF/CSDU/EDU/KNDL/1/2024/25,PROPOSED RENOVATION TO COMPLETION OF 6NO CLASSROOMS AT KONDELE PRIMARY SCHOOL,Kisumu Central cdf,Open Tender,Works,"July 24th, 2025",Closes in 9 days,"June 24th, 2025",Addendum added,Actions,
KSMCTRL/NGCDF/CSDU/KSMCTRL/POLICE/1/2024/25,PROPOSED RENOVATION TO COMPLETION OF 17 ROOMED OFFICES AT KISUMU CENTRAL POLICE STATION,Kisumu Central cdf,Open Tender,Works,"July 24th, 2025",Closes in 9 days,"June 24th, 2025",Addendum added,Actions,
KSMCTRL/NGCDF/CSDU/EDU/KSMBOYS /1/2024/25,PROPOSED CONSTRUCTION OF 200 CAPACITY STUDENT DORMITORY BLOCK ONE STOREY AT KISUMU BOYS HIGH SCHOOL,Kisumu Central cdf,Open Tender,Works,"July 24th, 2025",Closes in 9 days,"June 24th, 2025",Addendum added,Actions,
KSMCTRL/NGCDF/CSDU/EDU/JOYLANDSP/2024/25,PROPOSED COMPLETION OF 200 STUDENT CAPACITY DORMITORY BLOCK ON GROUND FLOOR ONE STOREY AT  JOYLAND SPECIAL SECONDARY SCHOOL,Kisumu Central cdf,Open Tender,Works,"July 24th, 2025",Closes in 9 days,"June 24th, 2025",Addendum added,Actions,
KSMCTRL/NGCDF/CSDU/EDU/JOMINO/1/2024/25,PROPOSED CONSTRUCTION TO COMPLETION OF 6NO ROOMED ADMINISTRATION BLOCK  AT  JOEL OMINO SECONDARY SCHOOL,Kisumu Central cdf,Open Tender,Works,"July 24th, 2025",Closes in 9 days,"June 24th, 2025",Addendum added,Actions,
KSMCTRL/NGCDF/CSDU/KSMDCC/1/2024/25,PROPOSED RENOVATION TO COMPLETION OF 15 ROOMED OFFICES AT KISUMU CENTRAL DEPUTY COUNTY COMMISSIONER,Kisumu Central cdf,Open Tender,Works,"July 24th, 2025",Closes in 9 days,"June 24th, 2025",Addendum added,Actions,
KUR/W/NGCDF/REG/2025-2027,PREQUALIFICATION REGISTRATION OF SUPPLIERS AND CONTRACTORS FOR SUPPLY OF GOODS.WORKS AND PROVISION OF SERVICES FOR THE FINANCIAL YEAR 2025-2027,KURIA WEST NG-CDF,Prequalification,Goods,"July 24th, 2025",Closes in 9 days,"July 8th, 2025",None,Actions,
KeNHA/2885/2025,CONSTRUCTION OF UPLANDS – GITHUNGURI – RUIRU (B116) ROAD,Kenya National Highway Authority,Open Tender,Works,"July 24th, 2025",Closes in 10 days,"June 24th, 2025",None,Actions,
UGENYA NGCDF/235/2024 2025,"PROPOSED RENOVATION OF THE NDENGA SECONDARY SCHOOL ADMINISTRATION BLOCK, WEST WARD, UGENYA SUB-COUNTY.",Ugenya NG-CDF,Open Tender,Works,"July 25th, 2025",Closes in 10 days,"June 30th, 2025",Addendum added,Actions,
UGENYA NGCDF/234/2024 2025,"PROPOSED RENOVATION OF THE DEPUTY COUNTY COMMISSIONERS OFFICE, UKWALA WARD, UGENYA SUB-COUNTY.",Ugenya NG-CDF,Open Tender,Works,"July 25th, 2025",Closes in 10 days,"June 30th, 2025",Addendum added,Actions,
UGENYA NGCDF/237/2024 2025,"PROPOSED CONSTRUCTION OF HOUSING BLOCK WITH 4 No. BED SITTERS AT BAR OBER POLICE POST, EAST WARD, UGENYA SUB-COUNTY.",Ugenya NG-CDF,Open Tender,Works,"July 28th, 2025",Closes in 13 days,"June 30th, 2025",Addendum added,Actions,
UGENYA NGCDF/236/2024 2025,"PROPOSED CONSTRUCTION OF THE ASSISTANT COUNTY COMMISSIONER’S OFFICE BLOCK, UKWALA DIVISION, UGENYA SUB-COUNTY.",Ugenya NG-CDF,Open Tender,Works,"July 28th, 2025",Closes in 13 days,"June 30th, 2025",Addendum added,Actions,
KR/SCM/143/2024-2025,"INVITATION TO SUBMIT AN EXPRESSION OF INTEREST (EOI) - OPEN INTERNATIONAL BIDDING  FOR   DESIGN AND CONSTRUCTION WORKS OF THE PROPOSED NAIROBI RAILWAY CITY CENTRAL STATION, PUBLIC REALM AND OTHER ASSOCIATED INFRASTRUCTURE WORKS",Kenya Railways,Expression of Interest,Consultancy Services,"July 28th, 2025",Closes in 13 days,"June 30th, 2025",Addendum added,Actions,
KHS/T/40/25/26,"SUPPLY OF TONERS,INK, CARTRIDGES AND SERVICE OF ICT EQUIPMENT",Kwale High School,Open Tender,Goods,"July 28th, 2025",Closes in 13 days,"July 9th, 2025",None,Actions,
SABHS/38/2025,PROVISION OF CARWASH AND AUTOMOTIVE SERVICES,St. Anthony's Boys High School Kitale,Open Tender,Goods,"July 28th, 2025",Closes in 13 days,"June 9th, 2025",None,Actions,
SABHS/37/2025,SUPPLY AND DELIVERY OF PETROLEUM PRODUCTS,St. Anthony's Boys High School Kitale,Open Tender,Goods,"July 28th, 2025",Closes in 13 days,"June 9th, 2025",None,Actions,
SABHS/36/2025,SUPPLY AND DELIVERY OF LABORATORY EQUIPMENT,St. Anthony's Boys High School Kitale,Open Tender,Goods,"July 28th, 2025",Closes in 13 days,"June 9th, 2025",None,Actions,
SABHS/35/2025,SUPPLY AND DELIVERY OF GRINDING SERVICES,St. Anthony's Boys High School Kitale,Open Tender,Goods,"July 28th, 2025",Closes in 13 days,"June 9th, 2025",None,Actions,
SABHS/34/2025,SUPPLY AND DELIVERY OF CONSTRUCTION ITEMS,St. Anthony's Boys High School Kitale,Open Tender,Goods,"July 28th, 2025",Closes in 13 days,"June 9th, 2025",None,Actions,
SABHS/33/2025,SUPPLY OF PROVISION OF SECURITY SERVICES,St. Anthony's Boys High School Kitale,Open Tender,Goods,"July 28th, 2025",Closes in 13 days,"June 9th, 2025",None,Actions,
SABHS/32/2025,SUPPLY OF PROVISION OF COMPREHENSIVE INSURANCE COVERS FOR VEHICLES AND MOTOR BIKES,St. Anthony's Boys High School Kitale,Open Tender,Goods,"July 28th, 2025",Closes in 13 days,"June 9th, 2025",None,Actions,
SABHS/31/2025,"SUPPLY OF REPAIRS OF FURNITURE, HOUSES AND RELATED SERVICES",St. Anthony's Boys High School Kitale,Open Tender,Goods,"July 28th, 2025",Closes in 13 days,"June 9th, 2025",None,Actions,
SABHS/30/2025,SUPPLY OF REPAIRS AND MAINTENANCE OF SABHS VEHICLES AND SUPPLY OF TYRES,St. Anthony's Boys High School Kitale,Open Tender,Goods,"July 28th, 2025",Closes in 13 days,"June 9th, 2025",None,Actions,
SABHS/29/2025,"REPAIR AND SERVICE OF COMPUTER MACHINES, PRINTERS AND PHOTOCOPYING MACHINES",St. Anthony's Boys High School Kitale,Open Tender,Goods,"July 28th, 2025",Closes in 13 days,"June 9th, 2025",None,Actions,
SABHS/28/2025,PROVISION OF FUMIGATION SERVICES,St. Anthony's Boys High School Kitale,Open Tender,Goods,"July 28th, 2025",Closes in 13 days,"June 9th, 2025",None,Actions,
SABHS/27/2025,PROVISION OF TOILET EMPTYING,St. Anthony's Boys High School Kitale,Open Tender,Goods,"July 28th, 2025",Closes in 13 days,"June 9th, 2025",None,Actions,
SABHS/26/2025,SUPPLY OF MAINTENANCE OF FIRE FIGHTING EQUIPMENT,St. Anthony's Boys High School Kitale,Open Tender,Goods,"July 28th, 2025",Closes in 13 days,"June 9th, 2025",None,Actions,
SABHS/25/2025,PROVISION OF PRINTING WORKS,St. Anthony's Boys High School Kitale,Open Tender,Goods,"July 28th, 2025",Closes in 13 days,"June 9th, 2025",None,Actions,
SABHS/24/2025,SUPPLY AND DELIVERY OF EXERCISE BOOKS,St. Anthony's Boys High School Kitale,Open Tender,Goods,"July 28th, 2025",Closes in 13 days,"June 9th, 2025",None,Actions,
SABHS/23/2025,SUPPLY AND DELIVERY OF BEANS,St. Anthony's Boys High School Kitale,Open Tender,Goods,"July 28th, 2025",Closes in 13 days,"June 9th, 2025",None,Actions,
SABHS/22/2025,"SUPPLY AND DELIVERY OF MOTOR FUEL, LUBRICANT AND OILS",St. Anthony's Boys High School Kitale,Open Tender,Goods,"July 28th, 2025",Closes in 13 days,"June 9th, 2025",None,Actions,
SABHS/21/2025,"SUPPLY AND DELIVERY OF BRANDED COMPUTERS, LAPTOPS AND RELATED MACHINES",St. Anthony's Boys High School Kitale,Open Tender,Goods,"July 28th, 2025",Closes in 13 days,"June 9th, 2025",None,Actions,
SABHS/20/2025,SUPPLY AND DELIVERY OF FRESH MILK,St. Anthony's Boys High School Kitale,Open Tender,Goods,"July 28th, 2025",Closes in 13 days,"June 9th, 2025",None,Actions,
SABHS/19/2025,SUPPLY AND DELIVERY OF FRESH FRUITS,St. Anthony's Boys High School Kitale,Open Tender,Goods,"July 28th, 2025",Closes in 13 days,"June 9th, 2025",None,Actions,
SABHS/18/2025,SUPPLY AND DELIVERY OF FRESH VEGETABLES,St. Anthony's Boys High School Kitale,Open Tender,Goods,"July 28th, 2025",Closes in 13 days,"June 9th, 2025",None,Actions,
SABHS/17/2025,SUPPLY AND REPAIR OF KITCHEN EQUIPMENT,St. Anthony's Boys High School Kitale,Open Tender,Goods,"July 28th, 2025",Closes in 13 days,"June 9th, 2025",None,Actions,
SABHS/16/2025,SUPPLY AND DELIVERY OF FIREWOOD,St. Anthony's Boys High School Kitale,Open Tender,Goods,"July 28th, 2025",Closes in 13 days,"June 9th, 2025",None,Actions,
SABHS/15/2025,SUPPLY AND DELIVERY OF FRESH BREAD,St. Anthony's Boys High School Kitale,Open Tender,Goods,"July 28th, 2025",Closes in 13 days,"June 9th, 2025",None,Actions,
SABHS/14/2025,SUPPLY AND DELIVERY OF DISINFECTANTS AND DETERGENTS,St. Anthony's Boys High School Kitale,Open Tender,Goods,"July 28th, 2025",Closes in 13 days,"June 9th, 2025",None,Actions,
SABHS/13/2025,SUPPLY AND DELIVERY OF ELECTRICAL MATERIALS,St. Anthony's Boys High School Kitale,Open Tender,Goods,"July 28th, 2025",Closes in 13 days,"June 9th, 2025",None,Actions,
SABHS/12/2025,SUPPLY OF HARDWARE SUPPLIES,St. Anthony's Boys High School Kitale,Open Tender,Goods,"July 28th, 2025",Closes in 13 days,"June 9th, 2025",None,Actions,
SABHS/11/2025,SUPPLY OF BOARDING ITEMS,St. Anthony's Boys High School Kitale,Open Tender,Goods,"July 28th, 2025",Closes in 13 days,"June 9th, 2025",None,Actions,
SABHS/10/2025,SUPPLY AND DELIVERY OF RICE,St. Anthony's Boys High School Kitale,Open Tender,Goods,"July 28th, 2025",Closes in 13 days,"June 9th, 2025",None,Actions,
SABHS/09/2025,SUPPLY AND DELIVERY OF SUGAR,St. Anthony's Boys High School Kitale,Open Tender,Goods,"July 28th, 2025",Closes in 13 days,"June 9th, 2025",None,Actions,
SABHS/08/2025,SUPPLY OF STAFF UNIFORMS,St. Anthony's Boys High School Kitale,Open Tender,Goods,"July 28th, 2025",Closes in 13 days,"June 9th, 2025",None,Actions,
SABHS/07/2025,SUPPLY OF GAMES EQUIPMENT AND STUDENTS TRACK SUITS,St. Anthony's Boys High School Kitale,Open Tender,Goods,"July 28th, 2025",Closes in 13 days,"June 9th, 2025",None,Actions,
SABHS/06/2025,SUPPLY AND DELIVERY OF MAIZE,St. Anthony's Boys High School Kitale,Open Tender,Goods,"July 28th, 2025",Closes in 13 days,"June 9th, 2025",None,Actions,
SABHS/05/2025,SUPPLY AND DELIVERY OF TEXT BOOKS,St. Anthony's Boys High School Kitale,Open Tender,Goods,"July 28th, 2025",Closes in 13 days,"June 9th, 2025",None,Actions,
SABHS/04/2025,SUPPLY AND DELIVERY OF PRINTER CARTRIDGE,St. Anthony's Boys High School Kitale,Open Tender,Goods,"July 28th, 2025",Closes in 13 days,"June 9th, 2025",None,Actions,
SABHS/03/2025,SUPPLY AND DELIVERY OF STATIONERY,St. Anthony's Boys High School Kitale,Open Tender,Goods,"July 28th, 2025",Closes in 13 days,"June 9th, 2025",None,Actions,
SABHS/02/2025,SUPPLY AND DELIVERY OF FRESH MEAT,St. Anthony's Boys High School Kitale,Open Tender,Goods,"July 28th, 2025",Closes in 13 days,"June 9th, 2025",None,Actions,
SABHS/01/2025 -,SUPPLY AND DELIVERY OF HUMAN MEDICINE,St. Anthony's Boys High School Kitale,Open Tender,Goods,"July 28th, 2025",Closes in 13 days,"June 9th, 2025",None,Actions,
RFQNO. 1355560,SUPPLY AND DELIVERY OF FUEL,Tourism,Framework Agreements,Goods,"July 30th, 2025",Closes in 15 days,"July 30th, 2023",None,Actions,
AWWDA/AFD/ NWSP/W-04B/2025,Construction Works for Water and Sanitation in Informal Settlements in Nairobi - Lot 2 Eastern Works,Athi Water Works Development Agency,Open Tender,Works,"July 30th, 2025",Closes in 16 days,"May 20th, 2025",Addendum added,Actions,
AWWDA/AFD/NWSP/W-04A/2025,Construction Works for Water and Sanitation in Informal Settlements in Nairobi - Lot 1 Western Works,Athi Water Works Development Agency,Open Tender,Works,"July 30th, 2025",Closes in 16 days,"May 20th, 2025",Addendum added,Actions,
AWWDA/DSIF/TGWSP/W/01/2025,THIKA AND GITHUNGURI WATER AND SANITATION PROJECT,Athi Water Works Development Agency,Prequalification,Works,"July 31st, 2025",Closes in 16 days,"March 25th, 2025",Addendum added,Actions,
KE-ICTA-441867-GO-RFB,"SUPPLY, DELIVERY, INSTALLATION & COMMISSIONING OF ENTERPRISE CYBER SECURITY TOOLS",ICT Authority,Open Tender,Goods,"July 31st, 2025",Closes in 16 days,"June 17th, 2025",None,Actions,
KE-ICTA-482245-GO-RFB,"SUPPLY, DELIVERY AND CONFIGURATION OF ADDITIONAL DIGITAL SIGNATURE CERTIFICATES ON THE EXISTING SYSTEM",ICT Authority,Framework Agreements,Goods,"July 31st, 2025",Closes in 16 days,"June 17th, 2025",None,Actions,
KE-ICTA-486639-GO-RFB,"SUPPLY, DELIVERY AND INSTALLATION OF WIFI ROUTERS AND RELATED GOODS FOR 55 UNIVERSITIES AND TVETS IN KENYA",ICT Authority,Open Tender,Goods,"July 31st, 2025",Closes in 16 days,"June 17th, 2025",None,Actions,
KE-TURKANA-487460-CW-RFB,"Procurement of Construction, Rehabilitation and  Expansion of Groundwater – Based Rural Water  Supply Schemes - Batch 1 Schemes in Turkana  County   Volume 1 of 3  Lot 1: Lowarengak, Koribok, Kalobeyei, Narimao and Kaitese Schemes.",Turkana County Government,Open Tender,Works,"August 1st, 2025",Closes in 18 days,"June 17th, 2025",None,Actions,
KE-TURKANA-488593-CW-RFB,"Procurement of Construction, Rehabilitation and Expansion of Groundwater – Based Rural Water Supply Schemes - Batch 1 Schemes in Turkana  County",Turkana County Government,Open Tender,Works,"August 1st, 2025",Closes in 18 days,"June 17th, 2025",Addendum added,Actions,
TWWDA/AfDB/004/2024-2025,ADDITIONAL WORKS FOR CHUKA AND  CHOGORIA WATER SUPPLY INFRASTRUCTURE,TANA WATER WORKS DEVELOPMENT AGENCY,Open Tender,Works,"August 5th, 2025",Closes in 21 days,"June 24th, 2025",None,Actions,
TWWDA/ADB/005/2024-2025,GICHUGU WATER SUPPLY INFRASTRUCTURE,TANA WATER WORKS DEVELOPMENT AGENCY,Open Tender,Works,"August 5th, 2025",Closes in 21 days,"June 24th, 2025",None,Actions,
KeRRA/015/NRB/008/39/195/2023-2024,P3617 KIBOGO ROAD,Kenya Rural Roads Authority,Open Tender,Works,"August 6th, 2025",Closes in 23 days,"July 25th, 2024",None,Actions,
KE-MARSABIT-489088-CW-RFB,"CONSTRUCTION, REHABILITATION AND EXPANSION OF GROUNDWATER – BASED RURAL WATER SUPPLY SCHEMES - BATCH 1 SCHEMES (LOT 2)",MARSABIT WATER AND SEWERAGE COMPANY,Open Tender,Works,"August 8th, 2025",Closes in 25 days,"June 24th, 2025",None,Actions,
KE-MARSABIT-488697-CW-RFB,"CONSTRUCTION, REHABILITATION AND EXPANSION OF GROUNDWATER – BASED RURAL WATER SUPPLY SCHEMES - BATCH 1 SCHEMES (LOT 1)",MARSABIT WATER AND SEWERAGE COMPANY,Open Tender,Works,"August 8th, 2025",Closes in 25 days,"June 24th, 2025",None,Actions,
CGKK/PSA/013/2024 - 2025,"REQUEST FOR PROPOSAL (RFP) FOR DESIGN, BUILD, OPERATE AND TRANSFER OF THE COUNTY HEADQUARTERS AND THE COUNTY ASSEMBLY BLOCK FOR THE COUNTY GOVERNMENT OF KAKAMEGA THROUGH   FINANCE – LEASE TO OWN CONTRACT",Kakamega County Government,Open Tender,Consultancy Services,"August 18th, 2025",Closes in a month,"May 19th, 2025",Addendum added,Actions,
KeNHA/R4/325/2024,Routine  Maintenance and  Spot  Improvement of  Aitong - Mara  River (B1) Road,Kenya National Highway Authority,Open Tender,Works,"September 1st, 2025",Closes in 2 months,"November 12th, 2024",Addendum added,Actions,
ADC/1/2024/25,SUPPLY AND DELIVERY OF TRACTORS,Agricultural Development Corporation,Restricted Tendering,Goods,"September 12th, 2025",Closes in 2 months,"September 5th, 2025",None,Actions,
ADC/2/2024/25,SUPPLY AND DELIVERY OF TRACTORS,Agricultural Development Corporation,Restricted Tendering,Goods,"October 2nd, 2025",Closes in 3 months,"September 25th, 2025",None,Actions,
1660286-2024-2025,CONSTRUCTION OF 1 NO ECDE CLASSROOM AT KEBEE AND KOPSIRO PRIMARY SCHOOL IN CHEPYUK WARD,Bungoma County Government,Open Tender,Works,"October 9th, 2025",Closes in 3 months,"September 30th, 2024",None,Actions,
KPA/078/2024-25/FS,REPAIRS OF THE FIRE FIGHTING EQUIPMENTS ON BOARD THE FERRIES,Kenya Ports Authority,Open Tender,Works,"October 15th, 2025",Closes in 3 months,"September 16th, 2024",None,Actions,
NGCDF/BBC/10/2024-1,PROPOSED CONSTRUCTION TO COMPLETION OF A MODERN KITCHEN IN MOSENSEMA SECONDARY SCHOOL.,BOMACHOGE BORABU NG-CDF,Open Tender,Works,"October 27th, 2025",Closes in 3 months,"October 2nd, 2024",None,Actions,
SCG/T/09/2024-2025,SUPPLY AND DELIVERY OF CERTIFIED MAIZE,Samburu County Government,Open Tender,Goods,"October 29th, 2025",Closes in 3 months,"October 22nd, 2024",None,Actions,
MBT/002/FA6/2024-2025/2025-2026,"SUPPLY AND DELIVERY OF FUEL, OIL, PETROL AND LUBRICANTS",Marsabit County Government,Framework Agreements,Goods,"November 12th, 2025",Closes in 4 months,"November 12th, 2024",None,Actions,
MBT/COU/T/FA/6/2024-2025/2026,"SUPPLY AND DELIVERY OF FUEL, OIL, PETROL AND LUBRICANTS. (FRAMEWORK AGREEMENT FOR 2 YEARS)",Marsabit County Government,Framework Agreements,Goods,"November 14th, 2025",Closes in 4 months,"November 12th, 2024",None,Actions,
MBT/004/F.A 6/2024-2025,"SUPPLY AND DELIVERY OF FUEL, OIL, PETROL, AND LUBRICANTS",Marsabit County Government,Framework Agreements,Goods,"November 14th, 2025",Closes in 4 months,"November 1st, 2024",None,Actions,
KE-WAJWASCO-456993-CW-RFB,Construction of Faecal Sludge Treatment Plant for Wajir Town,Wajir County Government,Open Tender,Works,"November 21st, 2025",Closes in 4 months,"October 25th, 2024",None,Actions,
Quotation No. NMK/71/24/25,Provision of provisional writer,National Museums of Kenya,Request for Proposals,Consultancy Services,"November 28th, 2025",Closes in 4 months,"November 22nd, 2024",None,Actions,
KTB/RFQ/0135/2024-2025,BRANDED S-BANNERS,Kenya Tourism Board,Request for Proposals,Non Consultancy Services,"December 2nd, 2025",Closes in 5 months,"October 2nd, 2025",None,Actions,
NCC/WDP/T/217/2024-2025 COSTRUCTION  OF GLUCOLA GONGA NJAA BRIDGE ROAD IN BABA DOGO WARD,CONSTRUCTION OF GLUCOLA GONGS NJAA BRIDGE ROAD IN BABA  DOGO WARD,Nairobi County Government,Open Tender,Works,"December 5th, 2025",Closes in 5 months,"November 26th, 2024",None,Actions,
1690544-2024/2025,Road improvement works along wahome road in rurii ward,Nyandarua County Government,Open Tender,Works,"December 8th, 2025",Closes in 5 months,"December 20th, 2024",None,Actions,
KeRRA/BSA/08/39/082/24-25,ROUTINE MAINTENANCE & SPOT IMPROVEMENT OF APPOLONEAS - MUNGATSI,Kenya Rural Roads Authority,Open Tender,Works,"December 9th, 2025",Closes in 5 months,"November 21st, 2024",None,Actions,
ktti/sr/16/2025/2026,"supply and delivery of office furniture,fittings,office equipment",KIPSINENDE TECHNICAL AND VOCATIONAL COLLEGE,Open Tender,Goods,"December 9th, 2025",Closes in 5 months,"June 18th, 2025",None,Actions,
KERRA/MRU/08/39/093/2-24-24/25-093,MUGUMONE PRY - KIOLO KIA NDIRIA - ST PETER,Kenya Rural Roads Authority,Open Tender,Works,"December 19th, 2025",Closes in 5 months,"November 21st, 2024",None,Actions,
ATTI/PROC/01/2025/2026-2026/2027,SUPPLY AND DELIVERY OF STATIONERY,Aldai technical training institute,Prequalification,Goods,"December 19th, 2025",Closes in 5 months,"June 4th, 2025",None,Actions,
